Computer Mouse RSI;en-US
Vegetables, Fruit and Cancer;en-US
El Niño and the Weather;en-US
Computer Viruses;en-US
Teenage Suicides;en-US
Death of Kim Il Sung;en-US
European car industry;en-US
International Beauty Contests;en-US
Divorce Statistics;en-US
Super G Gold medal;en-US
Successes of Ayrton Senna;en-US
EC presidency candidates;en-US
Conflict in Palestine;en-US
Wonders of Ancient World;en-US
Oil Accidents and Birds;en-US
North Sea Oil Environment;en-US
Damages in Ozone Layer;en-US
Children's Rights;en-US
Free Speech on the Internet;en-US
Wimbledon Lady Winners;en-US
China-Mongolia Relations;en-US
Assassination of Rabin;en-US
Who is the managing director of FIAT?;en-US
Who is the managing director of the International Monetary Fund?;en-US
Which company has its headquarters in Armonk?;en-US
How old was Michael Jackson when he started singing in the "Jackson Five" band?;en-US
Who wrote "The Little Prince"?;en-US
How can you save energy?;en-US
Where was Greenpeace founded?;en-US
How many pandas are there in the wild in China?;en-US
What is the frequency unit?;en-US
How high above ground level is the ozone layer?;en-US
What is the holy city of the Jews?;en-US
Who is the pole vault world record holder?;en-US
When did Latvia gain independence?;en-US
Microsoft Competitors;en-US
Oil Price Fluctuation;en-US
Money Laundering;en-US
Alternative Medicine;en-US
Smoking-related Diseases;en-US
Earthquake Damage;en-US
Smuggling of Radioactive Material;en-US
Nuclear Power Stations;en-US
Brain-Drain Impact;en-US
Discrimination against European Gypsies;en-US
Euthanasia by Medics;en-US
Prison Abuse;en-US
Anti-abortion Movements;en-US
Football Refereeing Disputes;en-US
Football Injuries;en-US
Countries with Death Penalty;en-US
NATO Expansion;en-US
EU Agricultural Subsidies;en-US
China-Taiwan Relations;en-US
Nestlé Brands;en-US
Consumer Boycotts;en-US
Oil Prices;en-US
World Heritage Sites;en-US
Films Set in Scotland;en-US
Supermodels;en-US
Emmy International Awards;en-US
Films with Keanu Reeves;en-US
Treatment of Industrial Waste;en-US
Atomic Energy;en-US
Solar Eclipse;en-US
Doping in Sports;en-US
Ayrton Senna's Death.;en-US
Childhood Asthma;en-US
Reducing Diabetes Risk;en-US
Obesity and Ill-health;en-US
Alternatives to Flu Shots;en-US
Ecological Tourism;en-US
Causes of Air Pollution;en-US
Human Cloning;en-US
Nobel Prizes for Chemistry;en-US
Piano Lessons;en-US
Food Allergies;en-US
Gardening for Children;en-US
Multilingual Upbringing;en-US
Recipes for Chocolate Desserts;en-US
Healing with Stones;en-US
Wedding Planning;en-US
Decorating Children's Rooms;en-US
Maths for Children;en-US
Knitting for Children;en-US
Digital Photography;en-US
Chess for Beginners;en-US
Rock Climbing for Beginners;en-US
seafood soup recipes;en-US
rock-painting kit;en-US
pressure washers;en-US
import .csv excel;en-US
sony vaio laptop;en-US
used kindle;en-US
Eames chair;en-US
yves saint laurent boots;en-US
golf gps;en-US
home theater systems;en-US
solar water fountains;en-US
raleigh bike;en-US
电脑滑鼠重复性压力伤害;zh-CN
蔬菜、水果与癌症;zh-CN
天气与圣婴现象;zh-CN
电脑病毒;zh-CN
青少年自杀事件;zh-CN
金日成逝世;zh-CN
欧洲汽车工业;zh-CN
国际选美;zh-CN
离婚统计;zh-CN
障碍滑雪赛金牌;zh-CN
阿尔顿‧洗拿的成功;zh-CN
欧盟主席候选人;zh-CN
巴勒斯坦冲突;zh-CN
远古世界的奇观;zh-CN
原油溢出意外和鸟类生存;zh-CN
北海石油环境;zh-CN
臭氧层的破坏;zh-CN
儿童的权力;zh-CN
网际网路的言论自由;zh-CN
温布顿女子网球赛赢家;zh-CN
中国与蒙古的关系;zh-CN
拉宾之暗杀;zh-CN
谁是菲亚特的行政总裁？;zh-CN
谁是国际货币基金组织的行政总裁？;zh-CN
哪家公司的总部设在阿蒙克？;zh-CN
迈克尔·杰克逊在几岁的时候就开始在“杰克逊五兄弟”乐队唱歌了？;zh-CN
《小王子》的作者是谁？;zh-CN
如何节约能源？;zh-CN
绿色和平组织是在哪里成立的？;zh-CN
在中国有多少生存在野外的大熊猫？;zh-CN
计算频率的单位是什么？;zh-CN
臭氧层离地面有多高？;zh-CN
犹太人的圣城是什么？;zh-CN
谁是撑杆跳世界纪录保持者？;zh-CN
拉脱维亚是在什么时候获得独立的？;zh-CN
微软公司的竞争对手;zh-CN
石油价格变动;zh-CN
洗钱;zh-CN
另类疗法;zh-CN
与抽烟有关的疾病;zh-CN
地震损伤;zh-CN
放射性物质走私;zh-CN
核能发电厂;zh-CN
人才外流影响;zh-CN
对欧洲吉普赛人的歧视;zh-CN
医疗人员执行安乐死;zh-CN
虐囚;zh-CN
反堕胎运动;zh-CN
足球判决争议;zh-CN
足球伤害;zh-CN
实施死刑的国家;zh-CN
北大西洋公约组织的扩张;zh-CN
欧盟农业补助;zh-CN
台湾与中国关系;zh-CN
雀巢品牌;zh-CN
消费者联合抵制商品;zh-CN
油价;zh-CN
世界古迹;zh-CN
苏格兰背景影片;zh-CN
名模;zh-CN
艾美奖;zh-CN
基努李维影片;zh-CN
工业废物处理;zh-CN
核能;zh-CN
日蚀;zh-CN
运动使用毒品;zh-CN
艾顿冼拿之死;zh-CN
儿童气喘;zh-CN
减少糖尿病风险;zh-CN
肥胖和疾病;zh-CN
流行性感冒预防针的替代方案;zh-CN
生态旅游;zh-CN
空气污染的原因;zh-CN
人类复制;zh-CN
诺贝尔化学奖;zh-CN
钢琴课;zh-CN
食物过敏;zh-CN
儿童园艺;zh-CN
多种语言教养;zh-CN
巧克力甜点食谱;zh-CN
石头疗法;zh-CN
婚礼计划;zh-CN
装饰孩子的房间;zh-CN
儿童数学;zh-CN
儿童针织;zh-CN
数码摄影;zh-CN
国际象棋入门;zh-CN
攀岩入门;zh-CN
海鲜汤;zh-CN
岩石画套具;zh-CN
高压清洗机;zh-CN
CSV文件导入Excel;zh-CN
索尼Vaio笔记本电脑;zh-CN
二手Kindle;zh-CN
Eames坐椅;zh-CN
Yves Saint Laurent靴子;zh-CN
高尔夫GPS设备;zh-CN
家庭影院;zh-CN
太阳能喷泉;zh-CN
Raleigh自行车;zh-CN
電腦滑鼠重複性壓力傷害;zh-HK
蔬菜、水果與癌症;zh-HK
天氣與聖嬰現象;zh-HK
電腦病毒;zh-HK
青少年自殺事件;zh-HK
金日成逝世;zh-HK
歐洲汽車工業;zh-HK
國際選美;zh-HK
離婚統計;zh-HK
障礙滑雪賽金牌;zh-HK
阿爾頓‧洗拿的成功;zh-HK
歐盟主席候選人;zh-HK
巴勒斯坦衝突;zh-HK
遠古世界的奇觀;zh-HK
原油溢出意外和鳥類生存;zh-HK
北海石油環境;zh-HK
臭氧層的破壞;zh-HK
兒童的權力;zh-HK
網際網路的言論自由;zh-HK
溫布頓女子網球賽贏家;zh-HK
中國與蒙古的關係;zh-HK
拉賓之暗殺;zh-HK
誰是菲亞特的行政總裁？;zh-HK
誰是國際貨幣基金組織的行政總裁？;zh-HK
哪家公司的總部設在阿蒙克？;zh-HK
邁克爾·傑克遜在幾歲的時候就開始在“傑克遜五兄弟”樂隊唱歌了？;zh-HK
《小王子》的作者是誰？;zh-HK
如何節約能源？;zh-HK
綠色和平組織是在哪裡成立的？;zh-HK
在中國有多少生存在野外的大熊貓？;zh-HK
計算頻率的單位是什麼？;zh-HK
臭氧層離地面有多高？;zh-HK
猶太人的聖城是什麼？;zh-HK
誰是撐桿跳世界紀錄保持者？;zh-HK
拉脫維亞是在什麼時候獲得獨立的？;zh-HK
微軟公司的競爭對手;zh-HK
石油價格變動;zh-HK
洗錢;zh-HK
另類療法;zh-HK
與抽煙有關的疾病;zh-HK
地震損傷;zh-HK
放射性物質走私;zh-HK
核能發電廠;zh-HK
人才外流影響;zh-HK
對歐洲吉普賽人的歧視;zh-HK
醫療人員執行安樂死;zh-HK
虐囚;zh-HK
反墮胎運動;zh-HK
足球判決爭議;zh-HK
足球傷害;zh-HK
實施死刑的國家;zh-HK
北大西洋公約組織的擴張;zh-HK
歐盟農業補助;zh-HK
台灣與中國關係;zh-HK
雀巢品牌;zh-HK
消費者聯合抵製商品;zh-HK
油價;zh-HK
世界古蹟;zh-HK
蘇格蘭背景影片;zh-HK
名模;zh-HK
艾美獎;zh-HK
基努李維影片;zh-HK
工業廢物處理;zh-HK
核能;zh-HK
日蝕;zh-HK
運動使用毒品;zh-HK
艾頓冼拿之死;zh-HK
兒童氣喘;zh-HK
減少糖尿病風險;zh-HK
肥胖和疾病;zh-HK
流行性感冒預防針的替代方案;zh-HK
生態旅遊;zh-HK
空氣污染的原因;zh-HK
人類複製;zh-HK
諾貝爾化學獎;zh-HK
鋼琴課;zh-HK
食物過敏;zh-HK
兒童園藝;zh-HK
多種語言教養;zh-HK
巧克力甜點食譜;zh-HK
石頭療法;zh-HK
婚禮計劃;zh-HK
裝飾孩子的房間;zh-HK
兒童數學;zh-HK
兒童針織;zh-HK
數碼攝影;zh-HK
國際象棋入門;zh-HK
攀岩入門;zh-HK
海鮮湯;zh-HK
岩石畫套具;zh-HK
高壓清洗機;zh-HK
CSV文件導入Excel;zh-HK
索尼Vaio筆記本電腦;zh-HK
二手Kindle;zh-HK
Eames坐椅;zh-HK
Yves Saint Laurent靴子;zh-HK
高爾夫GPS設備;zh-HK
家庭影院;zh-HK
太陽能噴泉;zh-HK
Raleigh自行車;zh-HK
Ordinateur: souris et tensions musculaires;fr-FR
Légumes, fruits et cancer;fr-FR
El Niño et le temps;fr-FR
Les virus d'ordinateur;fr-FR
Suicides chez les adolescents;fr-FR
Mort de Kim Il Sung;fr-FR
L'industrie automobile en Europe;fr-FR
Concours de beauté internationaux;fr-FR
Les statistiques du divorce;fr-FR
La médaille d'or du Super-G;fr-FR
Les succès d'Ayrton Senna;fr-FR
Les candidats à la présidence de la CE;fr-FR
Le conflit en Palestine;fr-FR
Les sept merveilles du monde;fr-FR
Les accidents pétroliers et les oiseaux;fr-FR
Mer du Nord, Pétrole et environnement;fr-FR
Dommages à la couche d'ozone;fr-FR
Les droits de l'enfant;fr-FR
Liberté de parole sur Internet;fr-FR
Les gagnantes féminines à Wimbledon;fr-FR
Les relations Chine-Mongolie;fr-FR
Assassinat de Rabin;fr-FR
Quel est le directeur général de FIAT ?;fr-FR
Quel est l'administrateur délégué du Fond Monétaire International ?;fr-FR
Quelle grande compagnie a son siège social à Armonk ?;fr-FR
Quel âge avait Michael Jackson quand il a commencé dans le groupe "Jackson Five" ?;fr-FR
Qui a écrit le Petit Prince ?;fr-FR
Comment peut-on économiser l'énergie ?;fr-FR
Où a été fondée Greenpeace ?;fr-FR
Combien y a-t-il de pandas en Chine ?;fr-FR
Quelle est l'unité de mesure de la fréquence ?;fr-FR
Quel pays est revenu au sein de l'UNESCO après 38 ans d'absence ?;fr-FR
Quelle est la ville connue pour être la ville sainte du peuple juif ?;fr-FR
Qui détient le record du monde du saut en hauteur ?;fr-FR
Quand la Lettonie est-elle devenue indépendante ?;fr-FR
Concurrents de Microsoft;fr-FR
Variations du prix du pétrole;fr-FR
Blanchiment d'argent;fr-FR
Médecines douces;fr-FR
Maladies liées au tabagisme;fr-FR
Dégâts causés par les tremblements de terre;fr-FR
Trafic de substances radioactives;fr-FR
Centrales nucléaires;fr-FR
Impact sur la fuite des cerveaux;fr-FR
Discrimination envers les tsiganes européens;fr-FR
L'euthanasie;fr-FR
Abus en prison;fr-FR
Mouvements anti-avortement;fr-FR
Remise en cause de décisions d'arbitrage en matière de football;fr-FR
Blessures au football;fr-FR
Pays appliquant la peine de mort;fr-FR
Expansion de l'OTAN;fr-FR
Subventions agricoles de l'UE;fr-FR
Relations entre la Chine et Taiwan;fr-FR
Les Produits Nestlé;fr-FR
Les Boycotts de Consommateurs;fr-FR
Les Prix du Pétrole;fr-FR
Le Patrimoine Mondial;fr-FR
Les Films qui se déroulent en Ecosse;fr-FR
Les Grands Mannequins;fr-FR
Les International Emmy Awards;fr-FR
Films avec Keanu Reeves;fr-FR
Le Traitement des Déchets Industriels;fr-FR
L'Energie Atomique;fr-FR
Eclipse Solaire;fr-FR
Le Dopage dans le Sport;fr-FR
Le Décès d'Ayrton Senna;fr-FR
L'asthme infantile;fr-FR
Réduire le risque de diabète;fr-FR
Obésité et mauvaise santé;fr-FR
Les solutions alternatives au vaccin contre la grippe;fr-FR
Le tourisme écologique;fr-FR
Les causes de la pollution atmosphérique;fr-FR
Le clonage humain;fr-FR
Prix Nobel de chimie;fr-FR
Méthodes de piano;fr-FR
Les allergies alimentaires;fr-FR
Le jardinage pour les enfants;fr-FR
L'éducation multilingue;fr-FR
Recettes de desserts au chocolat.;fr-FR
Soigner par les pierres;fr-FR
Préparatifs de mariage;fr-FR
Décoration de chambres d'enfants;fr-FR
Les mathématiques pour les enfants;fr-FR
Apprentissage du tricot pour les enfants;fr-FR
Photographie numérique;fr-FR
Les échecs pour débutants;fr-FR
Escalade pour débutants;fr-FR
Recettes de soupe aux fruits de mer;fr-FR
kit de peinture sur galets;fr-FR
nettoyeur haute pression;fr-FR
importer fichier .csv Excel;fr-FR
ordinateur portable Sony Vaio;fr-FR
Kindle d'occasion;fr-FR
chaise Eames;fr-FR
bottes Yves Saint Laurent;fr-FR
appareil GPS de golf;fr-FR
système de cinéma maison;fr-FR
fontaine d'eau solaire;fr-FR
vélo Raleigh;fr-FR
Computermäuse und RSI;de-DE
Gemüse, Früchte und Krebs;de-DE
El Niño und das Wetter;de-DE
Computerviren;de-DE
Selbstmorde von Teenagern;de-DE
Tod von Kim Il Sung;de-DE
Europäische Autoindustrie;de-DE
Internationale Schönheitswettbewerbe;de-DE
Scheidungsstatistiken;de-DE
Goldmedaille im Super-G;de-DE
Erfolge von Ayrton Senna;de-DE
Präsidentschaftskandidaten der EU-Kommission;de-DE
Konflikt in Palästina;de-DE
Wunder der Antike;de-DE
Ölunfälle und Vögel;de-DE
Nordsee-Öl und Umwelt;de-DE
Schäden der Ozonschicht;de-DE
Rechte des Kindes;de-DE
Meinungsfreiheit im Internet;de-DE
Siegerinnen von Wimbledon;de-DE
Verhältnis China-Mongolei;de-DE
Ermordung Rabins;de-DE
In welchem Jahr wurde Thomas Mann der Nobelpreis verliehen?;de-DE
Wer ist der Direktor des Internationalen Währungsfonds?;de-DE
Welche Firma hat ihre Zentrale in Armonk?;de-DE
In welchem Alter hat Michael Jackson begonnen, in der Gruppe "Jackson Five" zu singen?;de-DE
Wer schrieb den "kleinen Prinz"?;de-DE
Wie kann man Energie sparen?;de-DE
Wo wurde Greenpeace gegründet?;de-DE
Wie viele Pandas leben wild in China?;de-DE
Was ist die Maßeinheit für die Frequenz?;de-DE
Auf welcher Höhe befindet sich das Ozonloch?;de-DE
Was ist die Heilige Stadt der Juden?;de-DE
Wer hält den Weltrekord im Stabhochsprung?;de-DE
Wann wurde Litauen unabhängig?;de-DE
Mitbewerber von Microsoft;de-DE
Ölpreisfluktuation;de-DE
Geldwäsche;de-DE
Alternative Medizin;de-DE
Krankheiten durch Rauchen;de-DE
Schäden durch Erdbeben;de-DE
Schmuggel radioaktiven Materials;de-DE
Kernkraftwerke;de-DE
Braindrain;de-DE
Diskriminierung europäischer Zigeuner;de-DE
Sterbehilfe durch Mediziner;de-DE
Gefangenenmissbrauch;de-DE
Anti-Abtreibungsbewegung;de-DE
Kritik an Schiedsrichtern;de-DE
Verletzungen von Fußballern;de-DE
Länder mit Todesstrafe;de-DE
NATO-Vergrößerung;de-DE
EU-Agrarsubventionen;de-DE
Beziehungen China-Taiwan;de-DE
Nestlé Marken;de-DE
Verbraucherboykott;de-DE
Ölpreise;de-DE
Weltkulturerbestätten;de-DE
In Schottland spielende Filme;de-DE
Supermodels;de-DE
Emmy;de-DE
Filme mit Keanu Reeves;de-DE
Behandlung von Industrieabfall;de-DE
Atomenergie;de-DE
Sonnenfinsternis;de-DE
Doping im Sport;de-DE
Ayrton Sennas Tod;de-DE
Asthma bei Kindern;de-DE
Reduzierung Diabetes Risiko;de-DE
Übergewicht und schlechte Gesundheit;de-DE
Alternativen zur Grippeimpfungen;de-DE
Ökotourismus;de-DE
Ursachen der Luftverschmutzung;de-DE
Klonen von Menschen;de-DE
Nobelpreise für Chemie;de-DE
Klavierunterricht;de-DE
Nahrungsmittelallergien;de-DE
Gärtnern für Kinder;de-DE
Mehrsprachige Erziehung;de-DE
Rezepte für Schokoladendesserts;de-DE
Heilen mit Steinen;de-DE
Hochzeitsvorbereitungen und Hochzeitsplanung;de-DE
Kinderzimmer dekorieren;de-DE
Mathematik für Kinder;de-DE
Stricken für Kinder;de-DE
Digitalphotographie;de-DE
Schach für Anfänger;de-DE
Klettern für Anfänger;de-DE
Rezepte für Meeresfrüchte Suppe;de-DE
Felsmalerei Kit;de-DE
Hochdruckreiniger;de-DE
CSV-Datei importieren Excel;de-DE
Sony Vaio Laptop;de-DE
gebrauchtes Kindle;de-DE
Eames-Stuhl;de-DE
Yves Saint Laurent Stiefel;de-DE
Golf GPS-Gerät;de-DE
Heimkino-System;de-DE
Solarwasserbrunnen;de-DE
Raleigh Fahrrad;de-DE
Síndrome RSI y ratones de ordenador;es-ES
Verduras, frutas y cáncer;es-ES
"El Niño" y el tiempo;es-ES
Virus informáticos;es-ES
Suicidios entre adolescentes;es-ES
Muerte de Kim Il Sung;es-ES
Industria automovilística europea;es-ES
Concursos internacionales de belleza;es-ES
Estadísticas de divorcio;es-ES
Medalla de oro en la súper G;es-ES
Palmarés de Ayrton Senna;es-ES
Candidatos a la presidencia de la Comisión Europea;es-ES
Conflicto en Palestina;es-ES
Las maravillas del Mundo Antiguo;es-ES
Accidentes petrolíferos y aves;es-ES
Medio ambiente y petróleo en el Mar del Norte;es-ES
Destrucción de la capa de ozono;es-ES
Los derechos de la infancia;es-ES
Libertad de Expresión en Internet;es-ES
Ganadoras de Wimbledon;es-ES
Relaciones China-Mongolia;es-ES
Asesinato de Rabin;es-ES
¿Quién es el director gerente de FIAT?;es-ES
¿Quién es el director gerente del Fondo Monetario Internacional?;es-ES
¿Qué compañía tiene su sede central en Armonk?;es-ES
¿A qué edad Michael Jackson comenzó a cantar en el grupo "Jackson Five"?;es-ES
¿Quién escribió "El Principito"?;es-ES
¿Cómo puedes ahorrar energía?;es-ES
¿Dónde fue fundada Greenpeace?;es-ES
¿Cuántos pandas en estado salvaje hay en China?;es-ES
¿Cuál es la unidad de medida de frecuencia?;es-ES
¿A qué altura está la capa de ozono?;es-ES
¿Cuál es la ciudad santa para los judíos?;es-ES
¿Quién tiene el récord mundial de salto con pértiga?;es-ES
¿Cuándo ganó Letonia la independencia?;es-ES
Competidores de Microsoft;es-ES
Fluctuaciones del Precio del Petróleo;es-ES
Blanqueo de Dinero;es-ES
Medicina Alternativa;es-ES
Enfermedades Relacionadas con el Tabaco;es-ES
Daños por Terremoto;es-ES
Contrabando de Material Radioactivo;es-ES
Centrales Nucleares;es-ES
Impacto de la Fuga de Cerebros;es-ES
Discriminación de Gitanos Europeos;es-ES
Eutanasia Practicada por Médicos;es-ES
Maltratos Carcelarios;es-ES
Movimientos Anti-abortistas;es-ES
Disputas Arbitrales en el Fútbol;es-ES
Lesiones futbolísticas;es-ES
Países con Pena de Muerte;es-ES
Expansión de la OTAN;es-ES
Subsidios Agrarios de la UE;es-ES
Relaciones China-Taiwán;es-ES
Marcas Nestlé;es-ES
Boicots de los consumidores;es-ES
Precio del petróleo;es-ES
Lugares patrimonio de la humanidad;es-ES
Películas ambientadas en Escocia;es-ES
Supermodelos;es-ES
Premios internacionales Emmy;es-ES
Películas con Keanu Reeves;es-ES
Tratamiento de residuos industriales;es-ES
Energía atómica;es-ES
Eclipse solar;es-ES
El dopaje en el deporte;es-ES
La muerte de Ayrton Senna;es-ES
Asma infantil;es-ES
Reducción del riesgo de diabetes;es-ES
Obesidad y mala salud;es-ES
Alternativas a las vacunas contra la gripe;es-ES
Turismo ecológico;es-ES
Causas de la polución del aire;es-ES
Clonación humana;es-ES
Premios Nobel de Quí­mica;es-ES
Clases de piano;es-ES
Alergia a la comida;es-ES
Jardinería para niños;es-ES
Educación multilingüe;es-ES
Recetas de postres con chocolate;es-ES
Curación con piedras;es-ES
Planificación de la boda;es-ES
Decorar habitaciones para niños;es-ES
Matemáticas para niños;es-ES
Punto para niños;es-ES
Fotografía digital;es-ES
Ajedrez para principiantes;es-ES
Escalada para principiantes;es-ES
Recetas de sopa de mariscos;es-ES
kit de rock-pintura;es-ES
lavadora a presión;es-ES
importar un archivo .csv en Excel;es-ES
ordenador portátil Sony Vaio;es-ES
Kindle usado;es-ES
silla Eames;es-ES
botas de Yves Saint Laurent;es-ES
GPS de golf de mano;es-ES
sistema de cine en casa;es-ES
fuente de agua solar;es-ES
bicicleta Raleigh;es-ES
Síndrome RSI y ratones de ordenador;es-XL
Verduras, frutas y cáncer;es-XL
"El Niño" y el tiempo;es-XL
Virus informáticos;es-XL
Suicidios entre adolescentes;es-XL
Muerte de Kim Il Sung;es-XL
Industria automovilística europea;es-XL
Concursos internacionales de belleza;es-XL
Estadísticas de divorcio;es-XL
Medalla de oro en la súper G;es-XL
Palmarés de Ayrton Senna;es-XL
Candidatos a la presidencia de la Comisión Europea;es-XL
Conflicto en Palestina;es-XL
Las maravillas del Mundo Antiguo;es-XL
Accidentes petrolíferos y aves;es-XL
Medio ambiente y petróleo en el Mar del Norte;es-XL
Destrucción de la capa de ozono;es-XL
Los derechos de la infancia;es-XL
Libertad de Expresión en Internet;es-XL
Ganadoras de Wimbledon;es-XL
Relaciones China-Mongolia;es-XL
Asesinato de Rabin;es-XL
¿Quién es el director gerente de FIAT?;es-XL
¿Quién es el director gerente del Fondo Monetario Internacional?;es-XL
¿Qué compañía tiene su sede central en Armonk?;es-XL
¿A qué edad Michael Jackson comenzó a cantar en el grupo "Jackson Five"?;es-XL
¿Quién escribió "El Principito"?;es-XL
¿Cómo puedes ahorrar energía?;es-XL
¿Dónde fue fundada Greenpeace?;es-XL
¿Cuántos pandas en estado salvaje hay en China?;es-XL
¿Cuál es la unidad de medida de frecuencia?;es-XL
¿A qué altura está la capa de ozono?;es-XL
¿Cuál es la ciudad santa para los judíos?;es-XL
¿Quién tiene el récord mundial de salto con pértiga?;es-XL
¿Cuándo ganó Letonia la independencia?;es-XL
Competidores de Microsoft;es-XL
Fluctuaciones del Precio del Petróleo;es-XL
Blanqueo de Dinero;es-XL
Medicina Alternativa;es-XL
Enfermedades Relacionadas con el Tabaco;es-XL
Daños por Terremoto;es-XL
Contrabando de Material Radioactivo;es-XL
Centrales Nucleares;es-XL
Impacto de la Fuga de Cerebros;es-XL
Discriminación de Gitanos Europeos;es-XL
Eutanasia Practicada por Médicos;es-XL
Maltratos Carcelarios;es-XL
Movimientos Anti-abortistas;es-XL
Disputas Arbitrales en el Fútbol;es-XL
Lesiones futbolísticas;es-XL
Países con Pena de Muerte;es-XL
Expansión de la OTAN;es-XL
Subsidios Agrarios de la UE;es-XL
Relaciones China-Taiwán;es-XL
Marcas Nestlé;es-XL
Boicots de los consumidores;es-XL
Precio del petróleo;es-XL
Lugares patrimonio de la humanidad;es-XL
Películas ambientadas en Escocia;es-XL
Supermodelos;es-XL
Premios internacionales Emmy;es-XL
Películas con Keanu Reeves;es-XL
Tratamiento de residuos industriales;es-XL
Energía atómica;es-XL
Eclipse solar;es-XL
El dopaje en el deporte;es-XL
La muerte de Ayrton Senna;es-XL
Asma infantil;es-XL
Reducción del riesgo de diabetes;es-XL
Obesidad y mala salud;es-XL
Alternativas a las vacunas contra la gripe;es-XL
Turismo ecológico;es-XL
Causas de la polución del aire;es-XL
Clonación humana;es-XL
Premios Nobel de Quí­mica;es-XL
Clases de piano;es-XL
Alergia a la comida;es-XL
Jardinería para niños;es-XL
Educación multilingüe;es-XL
Recetas de postres con chocolate;es-XL
Curación con piedras;es-XL
Planificación de la boda;es-XL
Decorar habitaciones para niños;es-XL
Matemáticas para niños;es-XL
Punto para niños;es-XL
Fotografía digital;es-XL
Ajedrez para principiantes;es-XL
Escalada para principiantes;es-XL
Recetas de sopa de mariscos;es-XL
kit de rock-pintura;es-XL
lavadora a presión;es-XL
importar un archivo .csv en Excel;es-XL
ordenador portátil Sony Vaio;es-XL
Kindle usado;es-XL
silla Eames;es-XL
botas de Yves Saint Laurent;es-XL
GPS de golf de mano;es-XL
sistema de cine en casa;es-XL
fuente de agua solar;es-XL
bicicleta Raleigh;es-XL
Mouse del computer e microtraumi ripetuti RSI;it-IT
Verdura, Frutta e Cancro;it-IT
Il Niño e le previsioni metereologiche;it-IT
Virus del Computer;it-IT
Suicidi tra i teenager(s);it-IT
Morte di Kim Il Sung;it-IT
L'industria automobilistica in Europa;it-IT
Concorsi di bellezza internazionali;it-IT
Statistiche sul divorzio;it-IT
Medaglia d'oro nel Super-G;it-IT
Il palmares di Ayrton Senna;it-IT
I candidati alla presidenza della Commissione Europea;it-IT
Il conflitto in Palestina;it-IT
Meraviglie del Mondo Antico;it-IT
Incidenti Petroliferi e Uccelli;it-IT
Ambiente e Petrolio nel Mare del Nord;it-IT
Danni allo Strato di Ozono;it-IT
I diritti del bambino;it-IT
Libertà di Parola su Internet;it-IT
Campionesse di Wimbledon;it-IT
Relazioni tra Cina e Mongolia;it-IT
Assassinio di Rabin;it-IT
Chi è l'amministratore delegato della Fiat?;it-IT
Chi è l'amministratore delegato del Fondo Monetario Internazionale?;it-IT
Quale compagnia ha la sede centrale a Armonk?;it-IT
A quale età Michael Jackson ha cominciato a cantare nel gruppo dei "Jackson Five"?;it-IT
Chi ha scritto "Il piccolo principe"?;it-IT
Come si può risparmiare energia?;it-IT
Dove venne fondata Greenpeace?;it-IT
Quanti panda ci sono allo stato brado in China?;it-IT
Qual è l'unità di misura di frequenza?;it-IT
A che altezza è lo strato di ozono?;it-IT
Qual è la città sacra per gli Ebrei?;it-IT
Chi è il primatista mondiale di salto con l'asta?;it-IT
Quando divenne indipendente la Lettonia?;it-IT
Gli Avversari di Microsoft;it-IT
Fluttuazioni del Prezzo del Petrolio;it-IT
Riciclaggio di Denaro Sporco;it-IT
Medicina Alternativa;it-IT
Malattie Legate al Fumo;it-IT
Danni Causati dal Terremoto;it-IT
Contrabbando di Materiale Radioattivo;it-IT
Centrali Nucleari;it-IT
L'impatto della Fuga dei Cervelli;it-IT
Discriminazione Contro gli Zingari Europei;it-IT
Eutanasia da parte di Medici;it-IT
Abusi nelle Prigioni;it-IT
Movimenti Anti-abortisti;it-IT
Contestazione di Arbitraggi di Calcio;it-IT
Infortuni nel Calcio;it-IT
Paesi con la Pena di Morte;it-IT
Espansione della NATO;it-IT
Sussidi EU all'Agricoltura;it-IT
Relazioni Cina-Taiwan;it-IT
Marchi Nestlé;it-IT
Boicottaggi da parte dei consumatori;it-IT
Prezzo della benzina;it-IT
Siti UNESCO;it-IT
Film ambientati in Scozia;it-IT
Vittime di fulmini;it-IT
Vincitori Premi Emmy International;it-IT
Film con Keanu Reeves;it-IT
Trattamento dei rifiuti industriali;it-IT
Energia atomica;it-IT
Eclissi solari;it-IT
Doping nello sport;it-IT
L'incidente mortale di Ayrton Senna;it-IT
Asma nei Bambini;it-IT
Riduzione del rischio di diabete;it-IT
Obesità e Disturbi della Salute;it-IT
Alternative al Vaccino Antiinfluenzale;it-IT
Ecoturismo;it-IT
Cause dell’Inquinamento Atmosferico;it-IT
Clonazione Umana;it-IT
Premi Nobel per la Chimica;it-IT
lezioni di Piano;it-IT
allergie alimentari;it-IT
giardinaggio per bambini;it-IT
Educazione plurilingue;it-IT
Ricette per Dolci al cioccolato;it-IT
Curare con le pietre;it-IT
Organizzazione di matrimoni;it-IT
Decorare la camera dei bambini;it-IT
Matematica per bambini;it-IT
Lavoro a maglia per bambini;it-IT
Fotografia digitale;it-IT
Scacchi per principianti;it-IT
Arrampicata per principianti;it-IT
ricette zuppa di frutti di mare;it-IT
kit rock-pittura;it-IT
rondella a pressione;it-IT
importare un file .csv in Excel;it-IT
computer portatile Sony Vaio;it-IT
Kindle utilizzato;it-IT
sedia eames;it-IT
stivali Yves Saint Laurent;it-IT
dispositivo di golf gps palmare;it-IT
sistema home theater;it-IT
fontana solare di acqua;it-IT
bicicletta Raleigh;it-IT